id,first_name,last_name,email,gender,ip_address,balance
1,Jelene,Dalby,jdalby0@dot.gov,Female,139.28.165.131,
2,Lynnea,Adamovicz,ladamovicz1@indiatimes.com,,28.134.246.199,"9,215.52"
3,Aldin,Hars,ahars2@google.es,Male,,"3,644.55"
4,Wilmar,Rayburn,wrayburn3@ebay.com,Male,43.79.105.80,920.02
5,Raynor,Shefton,rshefton4@cocolog-nifty.com,Male,145.65.31.61,"2,258.72"
6,Armand,Foxley,afoxley5@auda.org.au,Male,180.173.142.208,615.79
7,Burr,Kierans,bkierans6@indiatimes.com,Male,41.134.75.62,"6,634.33"
8,Jermain,Pudsey,jpudsey7@gnu.org,Male,64.36.138.186,"3,049.39"
9,Ray,Stammler,rstammler8@geocities.com,Female,77.144.2.255,"5,690.86"
10,Charlton,Barnfield,cbarnfield9@wsj.com,,184.61.3.25,
11,Aldridge,Laborda,alabordaa@fotki.com,Male,234.144.173.23,"5,050.86"
12,Nedi,Crut,ncrutb@google.com,Female,,"9,145.13"
13,Celestia,Romao,cromaoc@cbc.ca,Female,164.73.155.26,"5,412.94"
14,Sydney,Duberry,sduberryd@ed.gov,Female,164.106.128.69,"3,392.63"
15,Antonietta,Whistlecraft,awhistlecrafte@dailymail.co.uk,Female,244.92.24.245,108.95
16,Arther,Cavanaugh,acavanaughf@noaa.gov,Male,216.87.136.152,"5,876.89"
17,Gae,Boys,gboysg@slideshare.net,,121.249.200.59,"2,148.14"
18,Chrissie,Perring,cperringh@psu.edu,Male,194.191.21.105,"4,294.83"
19,Aloisia,Janz,ajanzi@twitpic.com,,133.219.193.186,"6,169.11"
20,Lira,Hurche,lhurchej@blogspot.com,Female,228.84.124.118,"2,529.30"
21,Marsh,Himsworth,mhimsworthk@addtoany.com,Male,19.232.42.86,"4,103.76"
22,Xena,Robbins,xrobbinsl@jiathis.com,Female,106.131.241.178,"3,214.08"
23,Kayle,Grisard,kgrisardm@webmd.com,Female,,"8,390.95"
24,Ailey,Dahlbom,adahlbomn@ehow.com,Female,3.161.191.57,"9,187.88"
25,Hayley,Neames,hneameso@examiner.com,Female,59.59.127.40,
26,Shanan,Trittam,strittamp@twitter.com,,146.154.161.72,"7,983.55"
27,Valentina,Lindenstrauss,vlindenstraussq@pinterest.com,Female,142.148.242.141,
28,Dugald,Broose,dbrooser@wufoo.com,Male,25.87.10.113,"4,832.69"
29,Emmott,Canto,ecantos@sphinn.com,Male,186.212.150.46,801.85
30,Rowe,Hawson,rhawsont@360.cn,Female,,
31,Matthaeus,Ouchterlony,mouchterlonyu@accuweather.com,Male,200.245.133.134,"4,275.60"
32,Faina,Curnucke,fcurnuckev@army.mil,Female,195.239.192.21,"2,962.69"
33,Robyn,Jeves,rjevesw@g.co,Female,,"9,867.49"
34,Booth,Szreter,bszreterx@xinhuanet.com,Male,204.147.87.227,611.43
35,Greta,Ladbrooke,gladbrookey@rakuten.co.jp,,,"7,135.10"
36,Penny,Conws,pconwsz@moonfruit.com,Female,,"5,373.69"
37,Egan,De Giovanni,edegiovanni10@cbslocal.com,Male,110.48.201.213,"5,532.04"
38,Katee,Grayer,kgrayer11@yelp.com,Female,235.254.184.138,"2,987.12"
39,Skell,Riach,sriach12@mac.com,,47.21.233.224,"6,493.49"
40,Conant,Luckett,cluckett13@thetimes.co.uk,Male,180.114.140.239,"4,240.13"
41,Demetris,Witch,dwitch14@state.tx.us,Male,,"3,149.21"
42,Gawen,Verling,gverling15@bizjournals.com,Male,37.131.23.62,"9,277.75"
43,Coraline,Cron,ccron16@sfgate.com,Female,32.126.77.153,"8,365.82"
44,Babs,Fardo,bfardo17@etsy.com,Female,116.10.11.3,
45,Margareta,Nellis,mnellis18@diigo.com,Female,82.117.33.215,666.40
46,Christopher,Pizey,cpizey19@goo.ne.jp,,158.57.11.230,"9,356.08"
47,Lucille,Whipple,lwhipple1a@go.com,Female,,"6,385.76"
48,Kristoffer,McMarquis,kmcmarquis1b@webmd.com,Male,,"6,290.56"
49,Rachel,Vaen,rvaen1c@blogtalkradio.com,Female,97.122.170.80,
50,Georgetta,Baudon,gbaudon1d@alexa.com,Female,249.106.148.12,
51,Retha,Kusick,rkusick1e@blogs.com,Female,233.130.230.145,545.57
52,Wittie,Deans,wdeans1f@ustream.tv,Male,,"9,148.70"
53,Roman,Gatehouse,rgatehouse1g@surveymonkey.com,Male,10.123.81.218,"8,511.21"
54,Leighton,MacLachlan,lmaclachlan1h@gravatar.com,Male,,"2,015.25"
55,Nappy,Moore,nmoore1i@columbia.edu,Male,,"5,071.68"
56,Henrie,Mitkin,hmitkin1j@hc360.com,Female,132.108.181.44,
57,Sherrie,Apark,sapark1k@de.vu,Female,183.6.236.217,"4,370.68"
58,Cordie,Kubat,ckubat1l@indiatimes.com,Female,,"4,995.70"
59,Aurelea,Haldane,ahaldane1m@people.com.cn,Female,229.36.97.40,"8,856.94"
60,Margaretha,Moreinu,mmoreinu1n@nydailynews.com,Female,206.219.231.17,"3,566.86"
61,Maryl,Crevagh,mcrevagh1o@cnbc.com,Female,,
62,Millicent,Guilder,mguilder1p@intel.com,Female,205.200.42.103,"1,647.67"
63,Latia,Wapples,lwapples1q@feedburner.com,,162.196.213.243,
64,Blondelle,Michelle,bmichelle1r@answers.com,Female,127.203.122.4,"7,107.91"
65,Meredith,Mac Giany,mmacgiany1s@cocolog-nifty.com,Female,77.215.43.13,"8,988.80"
66,Scarface,Mazzilli,smazzilli1t@hugedomains.com,Male,53.38.244.228,"7,988.00"
67,Huntington,Spiniello,hspiniello1u@blogger.com,Male,60.119.60.24,"1,418.18"
68,Josie,Gavahan,jgavahan1v@comsenz.com,Female,105.56.29.169,547.34
69,Angel,Mellenby,amellenby1w@boston.com,Male,57.245.17.163,"8,356.49"
70,Charisse,Feirn,cfeirn1x@mtv.com,Female,250.187.138.203,
71,Rita,Adrianello,radrianello1y@bloomberg.com,,205.131.18.194,"5,394.33"
72,Hyacinthia,Truluck,htruluck1z@jugem.jp,Female,,"2,934.30"
73,Izak,Sebley,isebley20@themeforest.net,,117.38.19.77,"3,012.22"
74,Pierson,Benmore,pbenmore21@wufoo.com,Male,,"2,665.11"
75,Kaye,Salandino,ksalandino22@ask.com,Female,84.194.248.210,"2,327.76"
76,Mayer,Linham,mlinham23@bigcartel.com,Male,60.199.70.176,"6,700.47"
77,Larry,Hurne,lhurne24@reuters.com,Male,230.164.238.189,"5,027.55"
78,Mahmoud,McGahern,mmcgahern25@privacy.gov.au,Male,191.164.129.114,
79,Eugen,Ronchka,eronchka26@ocn.ne.jp,Male,42.117.254.141,
80,Aksel,Downs,adowns27@wikipedia.org,,240.162.247.145,"7,980.43"
81,Zarah,Wherry,zwherry28@phpbb.com,Female,95.25.24.163,
82,Gordan,Renak,grenak29@51.la,Male,56.255.188.77,"6,574.27"
83,Scarlet,Capelow,scapelow2a@yale.edu,Female,8.42.240.7,"8,953.23"
84,Sula,Ambrogi,sambrogi2b@wikia.com,Female,195.49.64.48,
85,Ezra,Brimilcombe,ebrimilcombe2c@ca.gov,Male,,670.80
86,Robbin,Blackborne,rblackborne2d@squarespace.com,Female,22.240.8.61,"5,488.56"
87,Ranee,Kyttor,rkyttor2e@addthis.com,Female,79.55.40.196,"8,153.59"
88,Hilary,Schrader,hschrader2f@mail.ru,Male,80.31.77.77,"3,839.15"
89,Ericha,Depka,edepka2g@npr.org,Female,96.130.58.205,
90,Ruben,Dummigan,rdummigan2h@cisco.com,,13.22.225.146,"1,393.98"
91,Ernestine,Trenholm,etrenholm2i@guardian.co.uk,Female,28.193.185.1,"4,204.54"
92,Purcell,Ferrino,pferrino2j@hexun.com,Male,176.199.225.2,
93,Justina,Shervil,jshervil2k@upenn.edu,,196.224.222.246,
94,Jdavie,Simmell,jsimmell2l@gov.uk,Male,244.108.194.156,
95,Hyacinthia,Earwicker,hearwicker2m@reference.com,Female,117.68.8.26,"6,082.07"
96,Padraig,Muston,pmuston2n@zdnet.com,Male,162.206.89.209,
97,Daile,Carlill,dcarlill2o@yolasite.com,Female,234.224.117.82,"4,589.88"
98,Dermot,Paddick,dpaddick2p@cisco.com,Male,24.85.111.45,"1,530.22"
99,Livia,Buss,lbuss2q@symantec.com,Female,43.12.182.74,
100,Daron,Brugman,dbrugman2r@yale.edu,Male,205.236.249.209,
101,Wilbur,Guiver,wguiver2s@biglobe.ne.jp,,222.228.253.142,"1,274.14"
102,Christiano,Gilliam,cgilliam2t@narod.ru,Male,7.225.214.101,
103,Shayna,Norssister,snorssister2u@usatoday.com,,,965.63
104,Dillon,Picopp,dpicopp2v@ycombinator.com,Male,179.217.206.133,"4,425.19"
105,Monty,Ivannikov,mivannikov2w@youtu.be,Male,105.123.222.78,
106,Belinda,Maxfield,bmaxfield2x@yellowpages.com,Female,45.26.28.250,
107,Prince,Joutapaitis,pjoutapaitis2y@storify.com,Male,,"9,284.85"
108,Lothario,Doddridge,ldoddridge2z@youtube.com,Male,35.247.149.141,"9,021.03"
109,Callean,Charity,ccharity30@typepad.com,Male,75.95.163.233,"6,330.01"
110,Greggory,Iskower,giskower31@weibo.com,Male,,
111,Shaw,Skyram,sskyram32@nationalgeographic.com,Male,,
112,Janek,Marmon,jmarmon33@mediafire.com,,205.103.163.229,"4,764.33"
113,Wenonah,Seabon,wseabon34@va.gov,Female,170.176.115.159,"1,315.34"
114,Dewain,Crosoer,dcrosoer35@berkeley.edu,Male,210.139.78.130,"6,814.74"
115,Allina,Rumbellow,arumbellow36@cbslocal.com,Female,121.205.90.91,"4,908.21"
116,Garwin,Davall,gdavall37@wisc.edu,Male,62.86.147.133,114.00
117,Vale,Hackney,vhackney38@usa.gov,Female,9.216.41.26,"6,595.80"
118,Gardy,Fabler,gfabler39@ftc.gov,Male,104.78.7.31,"6,693.82"
119,Frederigo,Absolon,fabsolon3a@clickbank.net,Male,177.100.116.247,
120,Ignatius,Ferrone,iferrone3b@oakley.com,Male,,"8,036.23"
121,Annamarie,Dinsey,adinsey3c@infoseek.co.jp,Female,107.118.142.184,"9,583.20"
122,Griffy,Mannin,gmannin3d@liveinternet.ru,Male,23.166.103.27,"2,462.07"
123,Blondie,Lacheze,blacheze3e@economist.com,Female,,"3,329.32"
124,Anatollo,Chalker,achalker3f@shareasale.com,Male,,"1,193.87"
125,Paco,Delea,pdelea3g@networksolutions.com,Male,112.195.160.120,"7,022.44"
126,Trip,Minkin,tminkin3h@163.com,Male,6.84.60.15,869.59
127,Carrol,Hick,chick3i@guardian.co.uk,Male,,"9,596.26"
128,Odell,Gutans,ogutans3j@bizjournals.com,Male,13.89.177.173,"1,885.44"
129,Constantina,Wadsworth,cwadsworth3k@fastcompany.com,Female,19.229.109.243,
130,Lionel,Vonasek,lvonasek3l@msn.com,Male,161.75.4.129,"3,519.88"
131,Roland,Biernacki,rbiernacki3m@webeden.co.uk,Male,253.194.133.109,"6,293.34"
132,Waneta,Mitkov,wmitkov3n@furl.net,Female,123.22.108.159,"3,412.60"
133,Frederic,Buggs,fbuggs3o@engadget.com,Male,218.236.182.28,
134,Kelby,Ledgister,kledgister3p@businesswire.com,Male,161.66.39.136,"5,466.90"
135,Trace,Thomason,tthomason3q@wunderground.com,Male,231.162.127.148,"3,266.02"
136,Donal,Gayton,dgayton3r@topsy.com,Male,107.62.245.228,"1,069.00"
137,Milicent,Munro,mmunro3s@bigcartel.com,Female,253.68.30.187,"3,594.35"
138,Milly,Shapter,mshapter3t@facebook.com,Female,,"6,780.82"
139,Paquito,Shah,pshah3u@tinypic.com,Male,120.102.25.126,"5,318.00"
140,Garik,Canellas,gcanellas3v@skyrock.com,Male,124.156.29.5,
141,Aloysia,Northeast,anortheast3w@cargocollective.com,Female,213.7.75.86,"5,931.50"
142,Scottie,Cram,scram3x@flickr.com,Male,,
143,Earle,Kernermann,ekernermann3y@discuz.net,Male,203.200.148.115,"1,936.52"
144,Etan,Enrrico,eenrrico3z@prweb.com,Male,82.3.179.222,"2,000.00"
145,Reese,Hearley,rhearley40@gizmodo.com,Male,74.233.239.127,"2,858.57"
146,Cammy,Kuhnel,ckuhnel41@flavors.me,,152.154.248.9,
147,Ravid,Greedyer,rgreedyer42@mac.com,Male,69.109.86.17,"8,214.74"
148,Ronnie,Cathrae,rcathrae43@telegraph.co.uk,Female,218.56.119.31,"1,356.76"
149,Mitzi,Bruinemann,mbruinemann44@army.mil,Female,184.96.224.175,"8,089.23"
150,Winn,Pakes,wpakes45@flickr.com,Male,193.133.8.31,"2,417.15"
151,Constancia,Short,cshort46@ustream.tv,Female,54.104.249.122,"7,481.99"
152,Harland,Hearnden,hhearnden47@1688.com,Male,125.110.51.168,"5,942.05"
153,Zenia,Natwick,znatwick48@utexas.edu,Female,103.235.38.151,"4,887.75"
154,Hattie,Ducket,hducket49@samsung.com,Female,115.105.25.42,
155,Fairlie,Castaner,fcastaner4a@yale.edu,Male,112.189.18.232,"4,205.33"
156,Glen,Zecchetti,gzecchetti4b@plala.or.jp,,200.131.58.96,620.26
157,Tandie,Swin,tswin4c@woothemes.com,Female,140.2.128.202,"4,987.48"
158,Boycie,Tiltman,btiltman4d@nature.com,Male,5.126.111.127,"8,360.60"
159,Clerc,MacKey,cmackey4e@biblegateway.com,Male,233.5.153.61,"1,906.29"
160,Kendre,Hawker,khawker4f@list-manage.com,Female,22.114.59.61,849.99
161,Matt,Batram,mbatram4g@illinois.edu,Male,124.92.91.194,"7,656.96"
162,Ronnie,Wadham,rwadham4h@digg.com,,,751.29
163,Cal,Letch,cletch4i@cisco.com,Male,89.102.124.239,680.66
164,Munmro,Bryan,mbryan4j@creativecommons.org,Male,,"8,071.64"
165,Jennine,Skilton,jskilton4k@bing.com,,57.203.39.186,"8,707.92"
166,Alexander,Baruch,abaruch4l@house.gov,Male,199.142.110.237,
167,Greta,Knoller,gknoller4m@deviantart.com,Female,231.81.215.12,"8,817.64"
168,Beau,Kirton,bkirton4n@narod.ru,Male,236.46.117.81,130.63
169,Myrtie,Jakubowsky,mjakubowsky4o@instagram.com,Female,,"3,608.12"
170,Blair,Vogelein,bvogelein4p@unblog.fr,Female,,"1,418.86"
171,Melessa,Risdall,mrisdall4q@jigsy.com,Female,,"1,828.02"
172,Janet,Wudeland,jwudeland4r@mysql.com,Female,159.4.175.184,
173,Maure,Hamill,mhamill4s@hud.gov,Female,52.14.5.92,"6,665.47"
174,Aaron,Stubbes,astubbes4t@booking.com,Male,39.98.187.82,
175,Percy,Mallinder,pmallinder4u@state.gov,Male,240.160.76.8,"2,165.14"
176,Frazer,Coon,fcoon4v@apple.com,,138.119.61.206,"1,128.43"
177,Phaidra,Milmith,pmilmith4w@360.cn,Female,127.28.45.26,31.01
178,Cass,Grelak,cgrelak4x@hatena.ne.jp,Female,,"7,701.04"
179,Nikki,Ekless,nekless4y@miibeian.gov.cn,Male,128.56.241.114,"9,170.13"
180,Celestyn,Vannacci,cvannacci4z@forbes.com,Female,108.137.78.154,"6,050.07"
181,Gardiner,McGriffin,gmcgriffin50@mozilla.com,Male,53.112.186.144,"5,642.90"
182,Rodge,Chese,rchese51@cafepress.com,Male,185.203.117.43,586.36
183,Sargent,Gyenes,sgyenes52@creativecommons.org,Male,,"3,578.08"
184,Mathe,Mecchi,mmecchi53@e-recht24.de,Male,171.140.191.60,
185,Mylo,Cann,mcann54@a8.net,Male,193.246.88.63,
186,Pearla,Scalia,pscalia55@hhs.gov,Female,90.139.104.8,"4,038.89"
187,Idalia,Lightbody,ilightbody56@woothemes.com,Female,80.237.138.66,"8,634.42"
188,Modesty,Georges,mgeorges57@va.gov,Female,150.192.220.139,"4,114.87"
189,Thadeus,Salack,tsalack58@bloomberg.com,Male,130.43.19.238,"7,344.26"
190,Aloysius,Burniston,aburniston59@jiathis.com,,179.67.25.168,"8,631.55"
191,Ardelis,Langelay,alangelay5a@amazon.co.jp,Female,6.224.79.36,"4,180.24"
192,Lazar,O'Hengerty,lohengerty5b@google.es,Male,137.54.137.83,"2,884.42"
193,Teddie,Cansdell,tcansdell5c@msu.edu,,148.57.41.167,"7,765.87"
194,Alessandro,Belham,abelham5d@mail.ru,Male,26.119.126.44,"7,269.10"
195,Betteann,Moehler,bmoehler5e@fda.gov,Female,218.226.61.199,"9,245.81"
196,Isaak,Figgures,ifiggures5f@smh.com.au,Male,87.41.164.156,"5,702.20"
197,Clari,Figge,cfigge5g@netvibes.com,Female,223.0.221.187,"6,958.19"
198,Sissy,McGragh,smcgragh5h@nyu.edu,Female,125.233.135.126,"8,174.65"
199,Osbert,Slot,oslot5i@mac.com,Male,9.72.33.123,"2,691.16"
200,Dorri,Rosenberg,drosenberg5j@mediafire.com,Female,150.1.168.216,"3,468.88"
201,Zoe,Cossins,zcossins5k@cyberchimps.com,Female,60.94.244.197,"2,958.41"
202,Tiffy,Pickrell,tpickrell5l@wiley.com,Female,96.18.76.158,"3,856.31"
203,Evangelin,Wickling,ewickling5m@hexun.com,Female,129.185.134.27,425.21
204,Aubrette,Chadwell,achadwell5n@npr.org,Female,238.226.211.3,
205,Vaughn,Benini,vbenini5o@nasa.gov,Male,,"2,833.60"
206,Kipper,Paddle,kpaddle5p@oaic.gov.au,Male,73.129.153.229,"1,490.08"
207,Sayres,Gisborne,sgisborne5q@eepurl.com,Male,243.250.210.134,
208,Oswell,Maciocia,omaciocia5r@msn.com,Male,143.144.75.2,"3,252.93"
209,Haze,Pucker,hpucker5s@dmoz.org,Male,224.192.206.110,814.02
210,Tyson,Kohlerman,tkohlerman5t@omniture.com,Male,20.134.126.33,804.92
211,Berti,Trodd,btrodd5u@csmonitor.com,Male,145.99.85.14,
212,Corrine,Coldbathe,ccoldbathe5v@wix.com,Female,129.107.40.20,"6,198.74"
213,Kinsley,Dinnis,kdinnis5w@tumblr.com,Male,48.169.19.86,"6,560.57"
214,Von,Gwatkins,vgwatkins5x@prnewswire.com,Male,136.108.171.191,"1,409.81"
215,Luca,Boarleyson,lboarleyson5y@sina.com.cn,Male,41.140.122.137,"9,955.90"
216,Riane,Humpherson,rhumpherson5z@patch.com,Female,46.255.158.22,"7,884.44"
217,Rhona,Lerner,rlerner60@epa.gov,,95.90.158.238,
218,Margit,McNerlin,mmcnerlin61@theatlantic.com,Female,72.124.16.174,
219,Sybilla,Bome,sbome62@phpbb.com,Female,161.203.249.127,"8,987.28"
220,Tammie,Cantillon,tcantillon63@auda.org.au,Female,171.211.125.80,95.13
221,Moll,Jeeves,mjeeves64@seesaa.net,,206.77.100.204,"7,856.84"
222,Matilda,Izakoff,mizakoff65@purevolume.com,Female,18.57.73.148,900.08
223,Harlen,Macguire,hmacguire66@marriott.com,Male,0.197.148.25,"8,054.71"
224,Parker,Sporner,psporner67@tripod.com,Male,255.65.137.40,"6,418.05"
225,Romona,Kivlehan,rkivlehan68@google.com.br,Female,,"4,719.25"
226,Abbie,Haggett,ahaggett69@hud.gov,Male,251.98.237.251,"1,707.44"
227,Tucker,Ledson,tledson6a@woothemes.com,Male,110.95.117.129,"4,502.20"
228,Margaret,Brabon,mbrabon6b@webs.com,Female,38.165.182.234,"1,980.41"
229,Cacilie,Choulerton,cchoulerton6c@ucoz.ru,Female,216.129.153.88,"3,995.86"
230,Caesar,Kerins,ckerins6d@goo.ne.jp,Male,,
231,Brendon,Dunnion,bdunnion6e@themeforest.net,Male,184.41.29.69,"3,145.10"
232,Cecilia,Leindecker,cleindecker6f@prweb.com,Female,193.38.171.116,"1,438.72"
233,Tobe,Finlow,tfinlow6g@berkeley.edu,,138.131.176.111,"8,923.92"
234,Nestor,Pitbladdo,npitbladdo6h@spiegel.de,Male,150.150.123.248,"8,774.22"
235,Fraze,O'Currigan,focurrigan6i@auda.org.au,Male,,"3,798.84"
236,Ronnie,Pulbrook,rpulbrook6j@studiopress.com,Female,222.236.212.104,"3,688.49"
237,Basilius,Lurcock,blurcock6k@toplist.cz,Male,11.202.222.167,"6,927.75"
238,Zsazsa,Favela,zfavela6l@list-manage.com,Female,81.114.180.121,394.89
239,Felicia,Somers,fsomers6m@cafepress.com,,234.61.164.177,"7,688.10"
240,Jillane,Goulthorp,jgoulthorp6n@buzzfeed.com,,170.7.238.11,"4,200.63"
241,Baryram,Crowe,bcrowe6o@google.co.jp,,149.175.224.70,"9,751.65"
242,Larry,Fieldsend,lfieldsend6p@deliciousdays.com,Male,,"2,261.09"
243,Nanny,Risom,nrisom6q@opensource.org,Female,,"9,692.99"
244,Ignace,Cloy,icloy6r@shinystat.com,Male,194.243.102.93,"8,517.80"
245,Terrence,Canniffe,tcanniffe6s@sohu.com,Male,96.44.229.83,"6,045.44"
246,Hashim,Daniello,hdaniello6t@admin.ch,Male,,"5,579.38"
247,Sacha,Deer,sdeer6u@slate.com,Female,143.219.176.13,"1,215.29"
248,Linzy,Clacey,lclacey6v@vimeo.com,Female,57.187.157.134,"4,509.30"
249,Raoul,Crame,rcrame6w@oaic.gov.au,Male,234.212.12.145,"9,081.12"
250,Frederique,Sains,fsains6x@tiny.cc,Female,17.244.109.30,
251,Josey,Morilla,jmorilla6y@webmd.com,,75.247.207.165,
252,Sydney,Gasker,sgasker6z@google.pl,Female,50.111.12.68,"7,043.71"
253,Remy,Garman,rgarman70@dedecms.com,,177.169.12.48,"1,954.91"
254,Drucie,Noor,dnoor71@gnu.org,,34.106.103.223,
255,Chas,Gallant,cgallant72@fotki.com,Male,9.209.164.233,"4,737.76"
256,Orelee,Warry,owarry73@rakuten.co.jp,Female,19.158.57.4,"1,661.80"
257,Natalya,Livesley,nlivesley74@dmoz.org,Female,48.74.76.227,
258,Allison,Coop,acoop75@networkadvertising.org,Female,50.166.132.133,
259,Tiffany,Ludy,tludy76@salon.com,Female,101.46.230.206,
260,Katleen,Bunny,kbunny77@rakuten.co.jp,,213.44.240.148,
261,Evangeline,Shmyr,eshmyr78@hp.com,,112.150.150.95,"4,797.37"
262,Tremaine,Fouracres,tfouracres79@psu.edu,Male,162.81.133.94,
263,Oswald,Chaunce,ochaunce7a@nationalgeographic.com,Male,,444.83
264,Willow,Boik,wboik7b@marriott.com,Female,171.22.67.100,"3,463.57"
265,Robenia,Pay,rpay7c@amazon.de,Female,89.59.25.2,772.89
266,Kellia,Eliasen,keliasen7d@constantcontact.com,Female,,"6,343.26"
267,Pet,Greser,pgreser7e@wikimedia.org,Female,47.249.104.129,"1,012.27"
268,Wilie,Marnane,wmarnane7f@slashdot.org,,103.93.20.231,
269,Elfrida,Jandourek,ejandourek7g@topsy.com,Female,,619.75
270,Pavla,Letch,pletch7h@wiley.com,,,"5,213.83"
271,Sophia,Hammerberg,shammerberg7i@seattletimes.com,Female,240.152.36.151,"6,292.36"
272,Carmine,Jeandot,cjeandot7j@adobe.com,Female,10.214.157.15,"3,057.83"
273,Dorotea,Hutson,dhutson7k@earthlink.net,Female,,
274,Hanny,Fancett,hfancett7l@aboutads.info,Female,,"7,734.78"
275,Ginnie,Schoroder,gschoroder7m@artisteer.com,,139.103.195.187,"1,679.75"
276,Rina,Letch,rletch7n@ft.com,Female,60.67.57.175,392.97
277,Livia,Rosita,lrosita7o@bbb.org,Female,45.176.55.216,
278,Tabbie,Greste,tgreste7p@psu.edu,Male,,
279,Dorine,Bullman,dbullman7q@multiply.com,Female,101.250.94.229,"6,151.89"
280,Harry,Tillerton,htillerton7r@gmpg.org,,,"2,437.20"
281,Fabe,Offa,foffa7s@mozilla.org,Male,150.132.77.16,"6,647.64"
282,Chane,Matteini,cmatteini7t@plala.or.jp,Male,186.149.95.200,"8,787.62"
283,Silvano,Creebo,screebo7u@hp.com,Male,119.45.22.111,"8,516.71"
284,Cass,Tsarovic,ctsarovic7v@icio.us,Male,32.21.49.13,
285,Man,Ondra,mondra7w@europa.eu,Male,149.245.246.34,"3,871.69"
286,Carlyle,Doelle,cdoelle7x@comcast.net,Male,,"1,657.83"
287,Corly,Gulc,cgulc7y@yellowbook.com,Female,143.128.197.201,"8,724.82"
288,Nariko,MacNeice,nmacneice7z@accuweather.com,Female,126.37.47.146,"9,311.00"
289,Olenolin,Moohan,omoohan80@uiuc.edu,Male,241.76.6.72,"3,470.16"
290,Rees,Batram,rbatram81@ezinearticles.com,Male,244.48.25.155,"1,458.96"
291,Bowie,Woollett,bwoollett82@xinhuanet.com,Male,148.181.162.203,
292,Rabbi,Dyne,rdyne83@indiegogo.com,Male,,"5,894.72"
293,Pascal,Bagnold,pbagnold84@photobucket.com,Male,185.138.11.42,"9,524.89"
294,Linnet,Heaslip,lheaslip85@apache.org,Female,247.167.149.37,
295,Solly,Scranny,sscranny86@multiply.com,Male,163.42.66.78,163.32
296,Fionna,Yosselevitch,fyosselevitch87@reuters.com,Female,206.1.115.67,"5,554.01"
297,Lyndsay,Duer,lduer88@e-recht24.de,Female,184.19.219.12,"1,757.31"
298,Brand,Karadzas,bkaradzas89@ebay.co.uk,Male,108.103.243.177,"2,183.81"
299,Emmalyn,Denison,edenison8a@wikia.com,Female,85.15.194.64,"2,283.09"
300,Joyann,Twycross,jtwycross8b@washingtonpost.com,,,"7,065.19"
301,Herve,Peller,hpeller8c@wikimedia.org,Male,202.13.137.185,
302,Dorice,Jan,djan8d@usatoday.com,,219.231.144.228,729.44
303,Lenard,Cockley,lcockley8e@cisco.com,Male,81.76.30.94,"9,098.42"
304,Catriona,Kaine,ckaine8f@freewebs.com,Female,44.91.136.127,"2,727.95"
305,Brittani,Willingham,bwillingham8g@bing.com,Female,176.103.181.217,364.78
306,Bennett,Penddreth,bpenddreth8h@ft.com,Male,150.219.159.168,"5,047.52"
307,Natale,Jaqueminet,njaqueminet8i@icq.com,Male,200.118.58.105,721.70
308,Marabel,Jaszczak,mjaszczak8j@ihg.com,Female,115.182.56.66,"7,197.61"
309,Juieta,Lantuffe,jlantuffe8k@house.gov,Female,237.165.220.214,"7,415.66"
310,Louis,McKennan,lmckennan8l@ameblo.jp,,60.129.231.49,"5,211.25"
311,Dru,Stickland,dstickland8m@bloomberg.com,Male,203.28.44.49,"4,642.20"
312,Emelyne,Normanville,enormanville8n@washingtonpost.com,Female,185.255.148.234,"9,603.99"
313,Alyse,Buckney,abuckney8o@seattletimes.com,Female,11.90.63.210,"5,619.76"
314,Olivero,Rawling,orawling8p@census.gov,Male,9.139.108.210,
315,Gennie,Petrov,gpetrov8q@hexun.com,Female,118.218.224.235,"4,934.15"
316,Noellyn,Bechley,nbechley8r@t.co,Female,88.55.29.81,"8,190.36"
317,Traci,Januszewicz,tjanuszewicz8s@t-online.de,Female,199.6.25.110,"4,076.84"
318,Stephannie,Will,swill8t@twitter.com,Female,39.188.58.223,"3,153.77"
319,Byrann,Mila,bmila8u@state.gov,Male,246.173.242.178,"3,567.72"
320,Stephenie,Grimsdith,sgrimsdith8v@tripod.com,Female,124.66.140.63,"7,584.80"
321,Perry,Tonsley,ptonsley8w@harvard.edu,Male,160.61.83.255,"8,057.60"
322,Zacharie,Sheeran,zsheeran8x@cam.ac.uk,Male,249.73.78.236,
323,Stacee,Seville,sseville8y@tmall.com,,228.34.147.185,
324,Dagmar,Prendergrast,dprendergrast8z@buzzfeed.com,Female,106.75.44.187,837.79
325,Geraldine,Lequeux,glequeux90@oaic.gov.au,Female,,"8,906.82"
326,Maxie,Foxworthy,mfoxworthy91@bigcartel.com,Male,189.49.46.39,"9,729.70"
327,Zita,Knevet,zknevet92@fotki.com,Female,172.219.153.220,
328,Sheelah,Worsnip,sworsnip93@mlb.com,Female,60.128.68.160,"4,860.04"
329,Alison,Bruster,abruster94@japanpost.jp,Female,30.27.188.191,"3,320.06"
330,Inglis,Ivchenko,iivchenko95@rakuten.co.jp,,41.172.195.232,"7,537.66"
331,Emlyn,Delgardillo,edelgardillo96@mapy.cz,Male,,"9,119.78"
332,Myrah,Bayfield,mbayfield97@people.com.cn,Female,41.183.144.169,
333,Chic,Ravelus,cravelus98@wufoo.com,Male,119.234.11.105,"5,123.61"
334,Brinna,Dash,bdash99@mapy.cz,Female,194.207.223.177,"3,931.81"
335,Aurelea,Crassweller,acrassweller9a@wikipedia.org,,,
336,Jelene,Wartonby,jwartonby9b@paginegialle.it,Female,111.108.46.109,"6,409.47"
337,Karlis,Spilsbury,kspilsbury9c@surveymonkey.com,Male,179.196.166.4,"6,617.78"
338,Zackariah,Elcoux,zelcoux9d@technorati.com,Male,238.18.236.247,"1,386.58"
339,Morgen,Florez,mflorez9e@shareasale.com,Male,,81.65
340,Ebeneser,Isbell,eisbell9f@msn.com,,,"1,417.25"
341,Enriqueta,Gruczka,egruczka9g@studiopress.com,Female,154.13.59.225,
342,Garv,Gladdolph,ggladdolph9h@mysql.com,Male,202.69.105.52,"1,460.43"
343,Benita,Maides,bmaides9i@salon.com,Female,203.138.95.58,
344,Jan,Coldrick,jcoldrick9j@loc.gov,Male,215.176.32.227,"5,133.23"
345,Junina,Dowda,jdowda9k@icio.us,Female,69.67.114.183,
346,Neilla,Yeld,nyeld9l@yahoo.co.jp,Female,23.187.164.24,"7,893.08"
347,Herve,Magnus,hmagnus9m@archive.org,Male,30.169.35.215,"9,147.17"
348,Dolley,Edie,dedie9n@example.com,Female,92.51.199.152,"3,793.69"
349,Rancell,Portress,rportress9o@guardian.co.uk,Male,21.147.91.141,"2,777.54"
350,Sophie,Habben,shabben9p@hud.gov,Female,154.255.66.246,"1,157.46"
351,Uri,Blackburne,ublackburne9q@pen.io,Male,96.213.151.70,"2,621.13"
352,Zuzana,Lemmon,zlemmon9r@rambler.ru,Female,73.47.145.31,
353,Edna,Francioli,efrancioli9s@acquirethisname.com,Female,4.60.13.176,
354,Donall,Dawidowitsch,ddawidowitsch9t@purevolume.com,Male,39.150.179.245,
355,Bernetta,Fallens,bfallens9u@arstechnica.com,Female,107.2.153.200,
356,Adam,Heims,aheims9v@cpanel.net,Male,222.158.93.244,"1,090.16"
357,Arron,Stockney,astockney9w@narod.ru,Male,246.233.185.97,
358,Waylon,Walentynowicz,wwalentynowicz9x@paypal.com,Male,43.99.46.203,"6,869.90"
359,Reyna,Jeyness,rjeyness9y@nih.gov,Female,63.68.84.33,
360,Shea,Ouver,souver9z@ucla.edu,Female,,"6,546.16"
361,Allard,Seawright,aseawrighta0@netvibes.com,Male,231.28.50.150,"8,902.24"
362,Eduard,Hymers,ehymersa1@apple.com,Male,180.201.10.135,"4,519.80"
363,Lesya,Masse,lmassea2@ehow.com,Female,190.181.240.234,
364,Traci,Woodhams,twoodhamsa3@live.com,Female,205.128.155.176,"7,077.78"
365,Lissi,Eddisford,leddisforda4@purevolume.com,Female,,"6,353.16"
366,Jacqui,Lashmar,jlashmara5@disqus.com,Female,130.51.150.39,"8,402.03"
367,Marlin,Vallender,mvallendera6@dagondesign.com,Male,,"4,096.66"
368,Bartie,Issatt,bissatta7@hp.com,Male,148.250.96.216,909.01
369,Pearla,Mackleden,pmackledena8@adobe.com,Female,214.209.85.27,"2,864.33"
370,Homerus,Kidstoun,hkidstouna9@whitehouse.gov,Male,33.34.209.221,"9,293.48"
371,Sandye,Barwell,sbarwellaa@elpais.com,Female,30.22.236.176,"2,843.98"
372,Renato,Gilhooly,rgilhoolyab@infoseek.co.jp,Male,145.63.133.210,"4,677.85"
373,Ernaline,Kirkland,ekirklandac@wiley.com,,73.246.51.16,"4,108.60"
374,Ravi,Rayhill,rrayhillad@purevolume.com,,201.38.100.16,844.73
375,Felicle,Westcott,fwestcottae@booking.com,Female,77.119.32.50,"1,780.76"
376,Celia,Northill,cnorthillaf@barnesandnoble.com,Female,76.229.142.217,"5,771.31"
377,Tracie,Fishly,tfishlyag@apple.com,Male,,
378,Billye,Hatfield,bhatfieldah@technorati.com,Female,211.105.230.12,497.85
379,Verile,Ings,vingsai@cornell.edu,,71.19.102.114,"7,369.11"
380,Carmel,Norwood,cnorwoodaj@nsw.gov.au,Female,220.124.196.75,
381,Brooke,Rumbellow,brumbellowak@noaa.gov,Female,27.23.133.186,"7,295.54"
382,Cathleen,Hodgon,chodgonal@barnesandnoble.com,Female,34.199.158.26,"1,835.18"
383,Zacharie,Witty,zwittyam@stumbleupon.com,,174.223.187.54,"1,507.17"
384,Sydney,Reader,sreaderan@utexas.edu,Male,75.223.232.60,"3,118.82"
385,Reena,Cadwell,rcadwellao@ycombinator.com,Female,195.145.216.176,73.75
386,Brenn,Peggs,bpeggsap@mac.com,,187.66.209.146,
387,Leeland,Gadie,lgadieaq@ucsd.edu,Male,245.10.202.172,
388,Arleen,Brimham,abrimhamar@altervista.org,Female,121.207.132.51,
389,Benjie,Rostern,brosternas@hao123.com,Male,189.197.62.22,
390,Ty,Harmstone,tharmstoneat@npr.org,Male,53.169.165.252,"5,331.67"
391,Marlin,Gerrens,mgerrensau@baidu.com,,20.18.99.188,"2,861.71"
392,Chandler,Lamond,clamondav@weather.com,Male,,"8,091.26"
393,Zoe,Hawson,zhawsonaw@list-manage.com,Female,214.73.79.141,"9,775.59"
394,Gran,Neylon,gneylonax@admin.ch,Male,149.239.240.218,"4,435.89"
395,Carlie,Bruna,cbrunaay@usnews.com,Male,172.141.75.147,"1,005.83"
396,Mavis,Lovart,mlovartaz@about.com,,196.242.182.154,"2,740.03"
397,Almira,Downage,adownageb0@taobao.com,Female,100.158.117.199,"8,488.80"
398,Rori,Pennycuick,rpennycuickb1@bloglovin.com,Female,4.194.54.219,
399,Brandy,Mouat,bmouatb2@hibu.com,Male,59.48.23.44,
400,Rafaellle,Rowlett,rrowlettb3@marketwatch.com,Male,242.137.122.53,"9,635.94"
401,Roselle,Denziloe,rdenziloeb4@gnu.org,Female,234.138.23.47,415.47
402,Sauveur,Helliar,shelliarb5@senate.gov,Male,248.243.131.139,
403,Uriah,Sumbler,usumblerb6@vistaprint.com,Male,143.105.62.82,"8,141.20"
404,Lesya,Glazier,lglazierb7@theatlantic.com,Female,222.54.177.26,"3,082.41"
405,Shayna,O'Cassidy,socassidyb8@rakuten.co.jp,Female,194.131.170.88,"2,364.05"
406,Ahmed,Temby,atembyb9@netscape.com,,,"4,882.57"
407,Salvidor,Fattore,sfattoreba@dyndns.org,,201.90.208.29,
408,Duke,Halladay,dhalladaybb@fda.gov,Male,219.20.169.198,"4,332.34"
409,Joana,Joska,jjoskabc@hostgator.com,Female,178.201.137.159,
410,Ronna,O' Sullivan,rosullivanbd@drupal.org,,,"1,988.90"
411,Staford,Muncey,smunceybe@com.com,Male,78.105.124.1,"6,338.89"
412,Rasia,Reinbech,rreinbechbf@google.co.jp,Female,174.71.113.53,
413,Gordon,Spadelli,gspadellibg@kickstarter.com,Male,,
414,Graeme,Varney,gvarneybh@sogou.com,,153.188.35.60,"4,151.08"
415,Pen,Gladstone,pgladstonebi@lulu.com,Male,116.37.144.76,"7,571.98"
416,Glad,Maffei,gmaffeibj@indiatimes.com,Female,92.36.107.235,"1,001.50"
417,Charles,Boffey,cboffeybk@squidoo.com,,52.93.124.114,"2,183.52"
418,Arluene,Dodshun,adodshunbl@issuu.com,Female,89.181.164.4,"1,271.96"
419,Cristionna,Fernandez,cfernandezbm@cpanel.net,,,"6,306.39"
420,Stern,Deener,sdeenerbn@auda.org.au,Male,86.48.55.151,
421,Carolyn,Lahive,clahivebo@qq.com,Female,145.7.188.225,"2,720.73"
422,Roshelle,Keynes,rkeynesbp@sbwire.com,Female,21.74.164.181,"6,766.75"
423,Kristoforo,Baxstair,kbaxstairbq@bloglines.com,Male,233.31.67.104,"6,846.98"
424,Dinnie,McLarty,dmclartybr@census.gov,Female,98.221.238.119,"7,082.50"
425,Wilona,Strand,wstrandbs@cornell.edu,Female,,11.55
426,Charin,Pimley,cpimleybt@shop-pro.jp,Female,69.75.76.192,
427,Alasteir,Moorrud,amoorrudbu@domainmarket.com,Male,82.213.73.4,
428,Konstance,Clewarth,kclewarthbv@google.pl,Female,,"5,912.57"
429,Amanda,Edmeads,aedmeadsbw@exblog.jp,Female,95.196.82.118,"1,470.23"
430,Ruddie,Catherall,rcatherallbx@diigo.com,Male,12.61.143.3,"9,313.10"
431,Magdalene,Foskin,mfoskinby@nbcnews.com,Female,5.101.188.174,"6,750.74"
432,Kari,Beak,kbeakbz@google.nl,Female,132.233.195.41,"8,413.43"
433,Goldi,O'Dogherty,godoghertyc0@wiley.com,Female,83.212.149.54,"7,036.22"
434,Kettie,Morad,kmoradc1@yelp.com,Female,167.116.20.231,"3,267.28"
435,Junia,Sarle,jsarlec2@microsoft.com,Female,201.93.179.7,"6,295.67"
436,Nancey,Faber,nfaberc3@house.gov,,68.218.255.202,"6,365.29"
437,Mandel,Slay,mslayc4@wikimedia.org,,,"5,204.54"
438,Justino,Colleer,jcolleerc5@joomla.org,Male,102.48.81.174,"2,132.25"
439,Marji,McCrum,mmccrumc6@cbc.ca,,,633.04
440,Gaspar,McTiernan,gmctiernanc7@salon.com,Male,214.233.74.53,"7,674.93"
441,Gladys,Walne,gwalnec8@discuz.net,Female,,"7,006.87"
442,Trefor,Trower,ttrowerc9@privacy.gov.au,Male,84.174.254.125,"6,497.23"
443,Bathsheba,Novotne,bnovotneca@cafepress.com,Female,116.164.60.58,"1,050.71"
444,Biron,Jeremaes,bjeremaescb@cocolog-nifty.com,Male,209.245.187.149,"6,667.71"
445,Romy,Lambert,rlambertcc@thetimes.co.uk,Female,31.138.82.239,"3,828.16"
446,Berti,Gallard,bgallardcd@sitemeter.com,,134.223.48.115,310.95
447,Fitz,Glanvill,fglanvillce@oakley.com,Male,247.251.156.117,97.93
448,Freeland,Burehill,fburehillcf@ox.ac.uk,Male,123.237.46.238,"5,991.10"
449,Gabie,Dillistone,gdillistonecg@studiopress.com,Female,226.254.183.45,"6,251.08"
450,Ahmad,Hehnke,ahehnkech@geocities.com,Male,,"1,415.45"
451,Kynthia,Grewer,kgrewerci@unblog.fr,Female,18.103.231.221,
452,Sisile,Gaynesford,sgaynesfordcj@nifty.com,Female,208.144.46.214,"4,427.74"
453,Arlen,Antonescu,aantonescuck@addtoany.com,Female,248.145.60.141,"7,754.98"
454,Thorpe,Jaquet,tjaquetcl@zdnet.com,Male,147.26.95.102,"8,163.88"
455,Alis,Lewsam,alewsamcm@ucoz.ru,Female,,"1,578.85"
456,Cosme,Grzelewski,cgrzelewskicn@multiply.com,,170.57.131.142,"2,495.02"
457,Mirilla,Chicken,mchickenco@oracle.com,Female,236.88.154.168,"2,472.25"
458,Sally,Antonsson,santonssoncp@umich.edu,Female,254.157.52.162,"7,840.62"
459,Scarlett,Feld,sfeldcq@privacy.gov.au,,139.194.242.239,"2,418.15"
460,Giacinta,Meconi,gmeconicr@lycos.com,Female,79.30.108.117,"4,799.03"
461,Stanislaus,Farquar,sfarquarcs@jigsy.com,Male,,"9,084.92"
462,Magdaia,Trewhella,mtrewhellact@g.co,Female,237.53.82.24,"9,688.54"
463,Jasmine,Elwyn,jelwyncu@soup.io,,240.199.165.202,
464,Aindrea,Pena,apenacv@cam.ac.uk,Female,147.24.152.26,391.15
465,Maurise,Pionter,mpiontercw@cdbaby.com,,89.95.211.68,
466,Alejandra,Custed,acustedcx@xing.com,Female,242.193.50.105,"9,490.91"
467,Rolf,Blaszczak,rblaszczakcy@shutterfly.com,Male,27.102.243.121,"1,852.02"
468,Bertine,Henzley,bhenzleycz@fastcompany.com,Female,192.181.100.241,"4,826.35"
469,Goober,Kelson,gkelsond0@arizona.edu,,71.243.114.70,"1,164.37"
470,Lora,Blencowe,lblencowed1@dyndns.org,Female,46.118.199.186,
471,Aline,MacColgan,amaccolgand2@unblog.fr,Female,170.156.38.179,"7,179.14"
472,Baillie,MacSharry,bmacsharryd3@free.fr,Male,106.7.175.88,"3,219.60"
473,Jeralee,Hastwall,jhastwalld4@paypal.com,Female,148.237.166.82,"5,752.89"
474,Deeann,Juschke,djuschked5@purevolume.com,Female,8.210.165.153,"5,376.49"
475,Yuri,Campe,ycamped6@moonfruit.com,Male,242.37.62.181,"2,271.88"
476,Betsey,Shardlow,bshardlowd7@a8.net,,152.185.39.186,"2,092.43"
477,Corry,Oland,colandd8@drupal.org,,,"4,526.32"
478,Sid,McCrillis,smccrillisd9@wix.com,Male,170.54.228.23,"1,409.66"
479,Guido,Cordell,gcordellda@cyberchimps.com,Male,48.237.20.95,672.77
480,Nanete,Moretto,nmorettodb@discuz.net,,210.40.84.118,
481,Kala,MacBarron,kmacbarrondc@parallels.com,Female,,"5,398.67"
482,Jacynth,McAdam,jmcadamdd@163.com,,224.88.134.117,
483,Sergent,Burgis,sburgisde@ifeng.com,Male,109.173.34.42,"2,731.29"
484,Hal,Lamburn,hlamburndf@icio.us,Male,42.185.133.99,"2,290.52"
485,Reed,Foottit,rfoottitdg@51.la,Male,80.98.73.241,"4,806.08"
486,Jan,Bonus,jbonusdh@weibo.com,Male,164.217.220.225,"9,797.19"
487,Jae,Haill,jhailldi@newyorker.com,Male,131.59.91.62,"9,107.24"
488,Kiley,Alsopp,kalsoppdj@ask.com,Female,34.237.56.55,"7,762.64"
489,Caterina,Conwell,cconwelldk@opera.com,Female,123.181.190.23,"5,988.94"
490,Mohammed,Rosenstiel,mrosenstieldl@youtu.be,Male,102.47.195.77,"5,223.81"
491,Byran,Kubis,bkubisdm@symantec.com,Male,9.97.146.155,"5,494.25"
492,Roarke,Fero,rferodn@fda.gov,,15.62.203.141,"7,141.48"
493,Maurizia,Gaven,mgavendo@dyndns.org,Female,25.188.210.181,"9,527.41"
494,Denney,Diggar,ddiggardp@nasa.gov,,92.31.168.217,
495,Ilsa,Cardall,icardalldq@weibo.com,Female,225.83.57.60,649.81
496,Sharai,Rooksby,srooksbydr@guardian.co.uk,,,"6,262.77"
497,Lorettalorna,Tellesson,ltellessonds@upenn.edu,Female,131.172.195.125,"7,180.33"
498,Isaiah,Blanchflower,iblanchflowerdt@yolasite.com,,133.50.126.37,
499,Amble,Mack,amackdu@wp.com,Male,,"8,470.77"
500,Bernhard,Kingsworth,bkingsworthdv@sphinn.com,Male,89.116.217.78,"3,669.68"
501,Annadiana,Kirmond,akirmonddw@fda.gov,Female,71.214.21.52,
502,Allard,Burchett,aburchettdx@ucoz.com,Male,85.90.95.193,"6,077.73"
503,Win,Trusty,wtrustydy@alibaba.com,,133.102.205.235,"4,086.21"
504,Kaine,Rosendall,krosendalldz@xinhuanet.com,Male,125.206.242.89,
505,Maxy,Banker,mbankere0@free.fr,,26.74.165.230,"7,423.61"
506,Leontine,Calvert,lcalverte1@mediafire.com,Female,56.156.122.153,"9,726.97"
507,Abran,Samber,asambere2@apple.com,Male,194.118.81.110,"6,878.38"
508,Binni,Creaney,bcreaneye3@goo.ne.jp,Female,,"2,210.58"
509,Joell,Gebby,jgebbye4@mapy.cz,Female,4.226.78.205,"6,163.55"
510,Amalle,Gallop,agallope5@purevolume.com,Female,198.84.196.82,"8,449.06"
511,Harriot,Dyment,hdymente6@businessinsider.com,Female,210.93.120.101,"6,818.46"
512,Hermina,Stebbin,hstebbine7@ebay.com,Female,2.68.49.196,"1,749.39"
513,Jackson,Krug,jkruge8@blogs.com,Male,167.163.198.66,"8,729.73"
514,Glyn,Eddy,geddye9@yellowbook.com,Female,255.235.241.82,"5,505.44"
515,Warden,Counihan,wcounihanea@hp.com,Male,,"2,932.26"
516,Caesar,Guinane,cguinaneeb@nifty.com,Male,1.110.73.167,"8,778.34"
517,Aeriell,Orkney,aorkneyec@chicagotribune.com,Female,,"9,526.90"
518,Donnie,Stukings,dstukingsed@bing.com,,222.102.156.58,"4,242.46"
519,Denis,Brimblecombe,dbrimblecombeee@amazon.de,Male,148.135.41.28,"3,696.41"
520,Anastassia,MacArte,amacarteef@live.com,Female,209.64.114.6,"5,012.72"
521,Fey,Eidelman,feidelmaneg@webeden.co.uk,Female,145.128.93.179,"5,403.89"
522,Harbert,Pozer,hpozereh@soup.io,,70.156.149.24,"3,793.73"
523,Renee,Maker,rmakerei@cnbc.com,Female,138.16.101.133,"2,402.39"
524,Hildegaard,Mulderrig,hmulderrigej@163.com,Female,58.245.42.166,"8,796.71"
525,Charlotta,Hess,chessek@discuz.net,Female,230.232.43.120,"6,996.81"
526,Johnathon,Mee,jmeeel@ovh.net,Male,167.145.119.40,
527,Frederigo,Beaufoy,fbeaufoyem@themeforest.net,Male,183.51.122.221,"5,278.35"
528,Uriah,Harris,uharrisen@unesco.org,Male,199.211.122.41,"7,733.51"
529,Maria,Primarolo,mprimaroloeo@globo.com,,,"1,799.21"
530,Henka,Huebner,hhuebnerep@chicagotribune.com,Female,172.92.20.39,"8,839.53"
531,Lezley,Kermon,lkermoneq@networkadvertising.org,Male,60.46.94.217,"8,010.45"
532,Teriann,Creamer,tcreamerer@imgur.com,Female,83.107.14.249,
533,Rurik,Treanor,rtreanores@cmu.edu,Male,254.204.170.116,
534,Pauly,Amthor,pamthoret@jigsy.com,Male,33.148.172.85,
535,Dee dee,Farenden,dfarendeneu@usatoday.com,Female,94.52.222.217,"8,084.91"
536,Andrej,Paraman,aparamanev@google.com.br,Male,107.127.32.188,"7,739.49"
537,Hayes,Dorbon,hdorbonew@godaddy.com,Male,131.56.251.227,"6,717.12"
538,Livvie,Craine,lcraineex@instagram.com,Female,150.197.105.117,"5,603.31"
539,Florri,Wallicker,fwallickerey@samsung.com,Female,138.45.145.212,"1,096.29"
540,Franciska,Ballam,fballamez@ifeng.com,,176.170.227.176,
541,Cindelyn,Lines,clinesf0@wikimedia.org,Female,219.210.134.97,"5,948.59"
542,Andreas,Izhaky,aizhakyf1@columbia.edu,Male,248.8.120.39,198.06
543,Deana,Santon,dsantonf2@qq.com,Female,194.58.187.36,"6,418.73"
544,Vlad,Leas,vleasf3@virginia.edu,Male,2.94.29.248,"7,170.33"
545,Sibby,Ralls,srallsf4@cnet.com,,58.180.159.143,"7,821.12"
546,Florenza,Birkinshaw,fbirkinshawf5@hao123.com,Female,134.45.57.247,341.62
547,Danica,Juszczak,djuszczakf6@bbb.org,,89.168.247.145,"8,656.85"
548,Jenica,Attwill,jattwillf7@archive.org,Female,117.246.132.35,"8,498.49"
549,Field,Hebson,fhebsonf8@europa.eu,Male,13.99.25.169,"2,160.85"
550,Maxi,Kwiek,mkwiekf9@tinyurl.com,Female,82.175.188.183,"1,366.56"
551,Magnum,Roskelley,mroskelleyfa@dyndns.org,Male,,"6,987.42"
552,Clerkclaude,Plewman,cplewmanfb@histats.com,Male,194.125.161.40,"1,257.61"
553,Shepherd,Gathercole,sgathercolefc@flickr.com,Male,33.5.21.226,173.93
554,Jackelyn,Cullington,jcullingtonfd@qq.com,Female,225.118.177.204,"3,505.56"
555,Maurizio,Mintram,mmintramfe@smh.com.au,Male,6.3.95.168,
556,Nobie,Brittian,nbrittianff@arizona.edu,Male,249.27.190.22,"1,299.19"
557,Gabey,Kellen,gkellenfg@parallels.com,Female,191.100.191.233,"7,852.29"
558,Nils,Fitch,nfitchfh@weather.com,,,"3,914.62"
559,Puff,MacRanald,pmacranaldfi@php.net,Male,,
560,Quinn,Cattle,qcattlefj@hibu.com,,195.192.249.38,"9,780.15"
561,Bambie,Bettam,bbettamfk@prweb.com,Female,157.171.173.51,"8,963.45"
562,Vilhelmina,Goldsbury,vgoldsburyfl@github.com,,,"5,190.53"
563,Doralia,Cherrett,dcherrettfm@spotify.com,Female,181.205.255.27,"2,854.19"
564,Devon,Willas,dwillasfn@pcworld.com,Female,12.125.12.134,"4,433.52"
565,Rolph,Pero,rperofo@unesco.org,Male,29.178.47.41,"6,444.68"
566,Phyllys,Lintott,plintottfp@answers.com,Female,139.100.21.123,"9,032.42"
567,Bertie,Ronchka,bronchkafq@bravesites.com,Male,31.94.189.136,"6,966.04"
568,Noami,Busby,nbusbyfr@newsvine.com,Female,246.219.182.152,"7,727.18"
569,Marlena,Ortiger,mortigerfs@stanford.edu,,166.241.241.110,"7,599.82"
570,Elset,Pinnion,epinnionft@tinyurl.com,Female,111.36.86.64,"9,075.91"
571,Sutherland,Derx,sderxfu@unicef.org,Male,,"9,687.52"
572,Nicholas,Casari,ncasarifv@feedburner.com,Male,108.101.223.175,"7,644.24"
573,Concettina,Dabbs,cdabbsfw@squarespace.com,Female,,"2,753.93"
574,Sigvard,Warlowe,swarlowefx@amazon.co.jp,,228.135.173.161,"3,760.51"
575,Lawrence,Geldeford,lgeldefordfy@eventbrite.com,Male,133.149.204.200,647.85
576,Arthur,Thynn,athynnfz@miitbeian.gov.cn,Male,100.162.97.46,"2,999.89"
577,Sinclare,Fivey,sfiveyg0@stumbleupon.com,Male,96.85.18.157,"6,678.63"
578,Moyra,Dennerley,mdennerleyg1@weather.com,Female,,"5,887.09"
579,Emmalyn,MacKimmie,emackimmieg2@tuttocitta.it,Female,157.14.39.16,"3,765.56"
580,Iris,Bugbird,ibugbirdg3@wunderground.com,Female,114.228.246.49,"8,778.70"
581,Susy,Smalles,ssmallesg4@mit.edu,Female,114.104.254.177,
582,Caldwell,Senechell,csenechellg5@jigsy.com,Male,244.76.218.216,"2,543.36"
583,Sonia,Wolfinger,swolfingerg6@ifeng.com,,,"7,483.98"
584,Teddy,Kaye,tkayeg7@vkontakte.ru,Female,55.234.198.40,"1,040.37"
585,Sena,Jeffcock,sjeffcockg8@cnn.com,,,"2,079.79"
586,Bobine,Brun,bbrung9@smh.com.au,,118.104.16.192,"8,938.02"
587,Ilyse,Feldberg,ifeldbergga@ed.gov,Female,172.25.106.44,"8,850.29"
588,Mitchael,Roelvink,mroelvinkgb@simplemachines.org,Male,7.207.87.24,"6,156.25"
589,Rodrigo,Wathan,rwathangc@aol.com,,239.132.94.141,
590,Wilfrid,McCrohon,wmccrohongd@issuu.com,Male,174.217.170.46,"9,647.09"
591,Meaghan,Asp,maspge@forbes.com,Female,170.148.14.56,"8,096.91"
592,Dulce,Pickersail,dpickersailgf@mozilla.com,Female,,"9,575.46"
593,Mamie,Bubear,mbubeargg@list-manage.com,,78.96.89.84,"4,936.82"
594,Kirbee,Jeannenet,kjeannenetgh@example.com,Female,,"6,410.06"
595,Trula,Nockolds,tnockoldsgi@drupal.org,Female,94.150.215.216,
596,Cassi,Droogan,cdroogangj@java.com,Female,227.179.111.119,"3,186.93"
597,Ivan,Goodale,igoodalegk@mozilla.org,,129.119.206.243,
598,Rosalind,Greenan,rgreenangl@goo.ne.jp,Female,94.99.92.155,"4,084.99"
599,Pansy,Samways,psamwaysgm@comsenz.com,Female,,"5,201.46"
600,Millard,Horribine,mhorribinegn@woothemes.com,Male,173.22.24.103,"9,914.05"
601,Caressa,Olman,colmango@comsenz.com,Female,142.115.236.98,"8,713.89"
602,Jamal,Gavrielly,jgavriellygp@about.com,Male,31.44.174.53,
603,Kelsey,Street,kstreetgq@miitbeian.gov.cn,,,
604,Orren,Alton,oaltongr@github.io,Male,216.214.245.206,"1,706.85"
605,Reeta,Jedrys,rjedrysgs@army.mil,Female,,"2,184.23"
606,Bordy,Summerlee,bsummerleegt@sina.com.cn,Male,178.120.225.33,"2,412.70"
607,Mose,Rosenberg,mrosenberggu@fastcompany.com,Male,23.204.204.53,"5,279.67"
608,Ogdon,Cash,ocashgv@edublogs.org,Male,176.80.94.83,"6,930.47"
609,Roxanna,Hards,rhardsgw@lulu.com,Female,125.129.250.172,
610,Arni,Easbie,aeasbiegx@arizona.edu,Male,89.171.237.124,"4,445.10"
611,Montgomery,Merida,mmeridagy@devhub.com,Male,86.108.28.142,
612,Alison,Lawrence,alawrencegz@pagesperso-orange.fr,Female,,"5,170.06"
613,Shell,Fairbrother,sfairbrotherh0@vimeo.com,Female,24.128.171.13,197.67
614,Kipper,Smuth,ksmuthh1@economist.com,Male,201.36.86.71,"9,298.40"
615,Galvan,Harnell,gharnellh2@geocities.jp,Male,110.130.189.225,
616,Benedetto,Kirckman,bkirckmanh3@wikia.com,Male,35.189.130.29,"4,771.31"
617,Susette,Cusick,scusickh4@bravesites.com,Female,186.103.254.103,"1,928.42"
618,Kirk,Meus,kmeush5@comsenz.com,,,"5,606.53"
619,Rob,Filyushkin,rfilyushkinh6@mozilla.com,Male,94.22.178.166,"2,714.61"
620,Finley,Harrold,fharroldh7@usda.gov,Male,,"2,779.32"
621,Norris,Taggerty,ntaggertyh8@cargocollective.com,Male,,"1,550.50"
622,Vivyanne,Gumn,vgumnh9@github.com,Female,186.175.194.193,"5,849.24"
623,Helaina,Degli Antoni,hdegliantoniha@trellian.com,,77.125.215.72,"6,013.10"
624,Wendie,Linder,wlinderhb@plala.or.jp,Female,133.144.32.84,"8,549.53"
625,Angela,Kirsz,akirszhc@nih.gov,Female,71.189.28.40,"1,009.80"
626,Tabb,Bowland,tbowlandhd@sphinn.com,Male,226.243.24.56,"2,890.91"
627,Zaneta,Banasevich,zbanasevichhe@toplist.cz,,144.84.218.168,"9,967.94"
628,Romy,Camden,rcamdenhf@scribd.com,Female,68.235.106.122,149.29
629,Rosalie,Coppin,rcoppinhg@google.ca,Female,74.226.84.105,250.30
630,Elfrida,McAloren,emcalorenhh@dmoz.org,Female,,"5,586.84"
631,Crichton,Anselmi,canselmihi@diigo.com,Male,136.202.52.82,
632,Smith,Davoren,sdavorenhj@blogs.com,Male,171.180.114.162,"9,319.59"
633,Roberta,Ivanyushin,rivanyushinhk@skyrock.com,Female,51.58.206.36,
634,Jeannette,Tarpey,jtarpeyhl@comsenz.com,,184.186.183.31,"9,478.39"
635,Vic,Shervington,vshervingtonhm@live.com,Male,206.73.15.209,"8,760.29"
636,Farleigh,Battisson,fbattissonhn@oracle.com,Male,212.159.25.81,"7,399.10"
637,Tadeas,Inkster,tinksterho@zimbio.com,Male,23.37.183.2,
638,Cathrine,Dingle,cdinglehp@spotify.com,Female,86.41.28.77,
639,Ado,Margaritelli,amargaritellihq@creativecommons.org,Male,42.60.63.71,"6,963.13"
640,Cyndi,Figgins,cfigginshr@chronoengine.com,Female,,"2,258.83"
641,Analise,O'Scully,aoscullyhs@comcast.net,Female,1.229.20.98,"9,891.07"
642,Fay,Mityakov,fmityakovht@dagondesign.com,Female,68.94.139.153,"1,485.92"
643,Jo-anne,Simeons,jsimeonshu@rediff.com,Female,185.50.59.18,"8,920.02"
644,Marie-ann,Blinerman,mblinermanhv@hud.gov,Female,11.215.81.167,"8,323.85"
645,Lucien,Swindley,lswindleyhw@netscape.com,Male,177.200.186.60,
646,Myrna,Harwick,mharwickhx@topsy.com,Female,53.113.108.171,
647,Murial,Skelly,mskellyhy@google.com.br,Female,13.224.88.88,"8,604.03"
648,Tate,Suckling,tsucklinghz@bizjournals.com,Male,126.142.36.42,"6,362.92"
649,Maud,Lloyd,mlloydi0@posterous.com,Female,,"1,050.07"
650,Molli,Troyes,mtroyesi1@msu.edu,Female,238.67.143.61,"3,178.85"
651,Burlie,Uttridge,buttridgei2@house.gov,Male,114.125.211.138,410.95
652,Jemmy,Jacobi,jjacobii3@google.pl,,,"5,411.13"
653,Felice,Crump,fcrumpi4@businessinsider.com,Female,66.33.197.239,"4,746.85"
654,Barbe,Bailie,bbailiei5@washington.edu,Female,242.56.223.16,"2,819.38"
655,Cristie,Davsley,cdavsleyi6@arstechnica.com,Female,154.149.104.220,"4,807.95"
656,Normy,Wedmore.,nwedmorei7@google.ca,Male,158.40.235.34,"7,965.91"
657,Biron,Oliveti,bolivetii8@hc360.com,,198.252.70.208,
658,Eda,Donaway,edonawayi9@twitter.com,Female,172.102.200.195,"3,728.66"
659,Robinson,Rois,rroisia@google.co.uk,Male,17.199.72.103,"6,201.81"
660,Erna,Danaher,edanaherib@hibu.com,Female,150.243.46.180,"3,885.45"
661,Krisha,Alan,kalanic@theguardian.com,Male,222.191.84.66,"8,360.19"
662,Vassili,Bothie,vbothieid@abc.net.au,Male,45.62.222.9,591.08
663,Caro,Cranshaw,ccranshawie@google.ru,Female,42.105.80.218,"7,029.40"
664,Kristan,Ellington,kellingtonif@addtoany.com,Female,123.76.32.117,"7,854.71"
665,Molli,Scone,msconeig@unc.edu,Female,128.159.239.101,"3,288.75"
666,Binky,Olle,bolleih@gnu.org,Male,8.71.30.13,
667,Pincus,Stachini,pstachiniii@deliciousdays.com,Male,213.15.209.70,"4,174.07"
668,Pasquale,Pitcaithley,ppitcaithleyij@telegraph.co.uk,Male,,"2,071.85"
669,Jsandye,MacGibbon,jmacgibbonik@opera.com,Female,116.247.38.175,"4,496.73"
670,Sophia,Yousef,syousefil@utexas.edu,Female,226.206.16.208,
671,Halie,Skirven,hskirvenim@elpais.com,,233.30.155.160,"1,318.06"
672,Rockey,Caines,rcainesin@princeton.edu,Male,240.165.71.99,"8,554.84"
673,Cookie,Demschke,cdemschkeio@linkedin.com,Female,,"8,206.92"
674,Claire,Itzkin,citzkinip@discuz.net,Female,17.134.80.247,"3,686.29"
675,Genni,Brikner,gbrikneriq@friendfeed.com,Female,143.2.189.89,"3,612.16"
676,Maurizia,Otton,mottonir@storify.com,Female,206.138.219.204,"9,035.16"
677,Frank,Cracknall,fcracknallis@liveinternet.ru,Female,195.215.160.162,"7,538.50"
678,Connie,Hurdle,churdleit@princeton.edu,Female,,824.68
679,Danie,Hinrichs,dhinrichsiu@51.la,Male,,"4,870.34"
680,Korella,Bowcock,kbowcockiv@wix.com,Female,,521.55
681,Nowell,Cucuzza,ncucuzzaiw@bigcartel.com,Male,131.95.101.98,"7,707.41"
682,Cosme,Gauthorpp,cgauthorppix@buzzfeed.com,Male,245.163.232.145,"8,244.62"
683,Niels,Burnsyde,nburnsydeiy@miitbeian.gov.cn,Male,,
684,Nana,Abreheart,nabreheartiz@google.com.hk,Female,98.196.42.224,"9,338.55"
685,Leonardo,Peever,lpeeverj0@nytimes.com,,52.194.122.103,"2,126.38"
686,Thurstan,Lisciandro,tlisciandroj1@cbslocal.com,Male,116.192.63.210,"5,507.44"
687,Karole,Idenden,kidendenj2@cocolog-nifty.com,Female,136.21.8.145,"7,193.03"
688,Addie,Springett,aspringettj3@feedburner.com,Female,,
689,Zebadiah,Minty,zmintyj4@answers.com,Male,20.212.43.14,"9,233.89"
690,Aubrie,Manicom,amanicomj5@wordpress.com,Female,204.97.207.26,"1,854.96"
691,Petr,Jeffcock,pjeffcockj6@google.com.hk,,152.110.75.83,"4,120.26"
692,Hubert,Gillbe,hgillbej7@constantcontact.com,Male,153.197.167.252,"8,934.09"
693,Ulrikaumeko,Jerrolt,ujerroltj8@usda.gov,Female,111.25.188.255,
694,Celestine,Ca,ccaj9@vinaora.com,Female,92.223.43.122,
695,Tamar,Paige,tpaigeja@yellowbook.com,Female,,
696,Sharity,Boanas,sboanasjb@squarespace.com,Female,,"3,980.70"
697,Giselle,St Quenin,gstqueninjc@about.com,Female,230.217.47.247,"2,531.68"
698,Hershel,Verillo,hverillojd@bbb.org,Male,171.49.208.155,
699,Rodie,Mapis,rmapisje@msu.edu,Female,90.228.221.29,"9,881.01"
700,Marielle,Ettritch,mettritchjf@devhub.com,Female,81.71.13.245,"8,504.76"
701,Marjorie,Ghidelli,mghidellijg@angelfire.com,Female,244.29.136.40,"4,941.38"
702,Rosabelle,Klimashevich,rklimashevichjh@booking.com,Female,238.116.157.48,474.40
703,Karyn,Quadrio,kquadrioji@nature.com,Female,107.37.170.172,
704,Esra,Browncey,ebrownceyjj@cam.ac.uk,Male,196.116.101.8,"5,687.76"
705,Glenden,Fausset,gfaussetjk@ucoz.ru,,102.127.139.212,"7,010.72"
706,Faina,McConnel,fmcconneljl@stumbleupon.com,Female,9.224.172.52,"5,288.34"
707,Hettie,Tomaszczyk,htomaszczykjm@umn.edu,Female,246.124.29.50,"5,282.08"
708,Gav,Fetherston,gfetherstonjn@youtu.be,Male,42.238.91.46,"7,961.85"
709,Felike,Domm,fdommjo@businesswire.com,Male,54.129.93.37,"1,014.06"
710,Lek,Swindell,lswindelljp@cisco.com,Male,199.19.20.191,"7,477.19"
711,Noble,Cantero,ncanterojq@aboutads.info,Male,,941.39
712,Jilli,Qualtro,jqualtrojr@dmoz.org,Female,181.200.32.227,665.74
713,Lindy,Bradlaugh,lbradlaughjs@umn.edu,Female,159.147.185.38,
714,Christen,Mcwhinnie,cmcwhinniejt@whitehouse.gov,Female,,
715,Gerome,MacKain,gmackainju@sun.com,Male,,"3,364.70"
716,Ennis,Lassetter,elassetterjv@apache.org,Male,25.57.205.176,"6,896.41"
717,Foss,Rawsthorn,frawsthornjw@soundcloud.com,Male,,
718,Eliot,Baynon,ebaynonjx@rakuten.co.jp,Male,63.238.254.74,"8,986.56"
719,Bordie,Benninger,bbenningerjy@rambler.ru,,171.253.150.55,"5,191.90"
720,Sidoney,Petrolli,spetrollijz@csmonitor.com,Female,,218.61
721,Iormina,Fear,ifeark0@fc2.com,Female,96.230.228.154,"3,296.41"
722,Mitchael,Chaloner,mchalonerk1@51.la,,45.156.46.116,
723,Stormy,Powton,spowtonk2@independent.co.uk,,53.37.130.210,"1,437.53"
724,Jess,MacKnocker,jmacknockerk3@delicious.com,Female,27.16.224.234,"3,063.39"
725,Sherri,Reinger,sreingerk4@kickstarter.com,Female,,"7,973.56"
726,Dalis,Reding,dredingk5@mac.com,Male,238.105.142.134,"5,040.52"
727,Jerad,Dupoy,jdupoyk6@pcworld.com,Male,155.39.135.28,"6,000.40"
728,Barby,Burchett,bburchettk7@washingtonpost.com,Female,,"1,438.04"
729,Tabby,Malthouse,tmalthousek8@free.fr,Male,1.186.91.236,
730,Marybelle,Scipsey,mscipseyk9@flavors.me,Female,,"3,778.67"
731,Adelle,Stannard,astannardka@webmd.com,Female,194.33.192.127,"6,716.83"
732,Grange,Jaqueminet,gjaqueminetkb@wunderground.com,,,213.78
733,Coretta,Lauxmann,clauxmannkc@wikimedia.org,Female,224.204.36.55,"4,475.09"
734,Gloriane,Makin,gmakinkd@dyndns.org,Female,,"7,147.46"
735,Mattie,Lince,mlinceke@ihg.com,Male,,"2,489.02"
736,Marcello,Scotti,mscottikf@wikimedia.org,Male,244.29.67.220,"3,851.89"
737,Adara,Lage,alagekg@rambler.ru,Female,149.188.212.66,835.00
738,Briggs,Grombridge,bgrombridgekh@aboutads.info,Male,,
739,Brandy,Goodsell,bgoodsellki@chronoengine.com,Female,235.211.122.166,"4,858.80"
740,Nikolia,Critoph,ncritophkj@techcrunch.com,Female,200.74.208.185,"2,254.97"
741,Chiquita,Taphouse,ctaphousekk@scribd.com,Female,241.242.168.122,
742,Rosalind,Bohan,rbohankl@mayoclinic.com,Female,109.136.242.223,
743,Agathe,Rigg,ariggkm@mit.edu,Female,144.146.6.195,"3,608.38"
744,Sterling,McKee,smckeekn@taobao.com,Male,,
745,Thorny,Goulter,tgoulterko@phpbb.com,Male,,772.79
746,Lloyd,Dominguez,ldominguezkp@unc.edu,Male,,
747,Prent,Shinton,pshintonkq@yandex.ru,Male,49.153.41.147,"3,485.25"
748,Zelma,Bohje,zbohjekr@patch.com,,191.36.122.73,"5,373.32"
749,Margot,Sandifer,msandiferks@barnesandnoble.com,Female,,"8,818.35"
750,Karlie,Dean,kdeankt@vimeo.com,Female,123.66.172.147,"1,406.56"
751,Lisa,Cashford,lcashfordku@lulu.com,,122.94.112.76,
752,Jacinta,Camden,jcamdenkv@webmd.com,Female,215.62.118.195,"3,885.30"
753,Hillary,Daskiewicz,hdaskiewiczkw@phpbb.com,,,"4,181.56"
754,Sharl,Tugman,stugmankx@jiathis.com,Female,58.19.250.243,
755,Sileas,Blondelle,sblondelleky@google.fr,Female,236.157.124.108,"6,107.33"
756,Jeremy,Pigot,jpigotkz@i2i.jp,Male,4.180.160.41,"9,026.32"
757,Talya,Baradel,tbaradell0@comcast.net,Female,109.88.216.172,
758,Teriann,Swaby,tswabyl1@tumblr.com,Female,86.47.134.89,"8,266.52"
759,Norine,Meckiff,nmeckiffl2@123-reg.co.uk,Female,45.236.28.215,"1,021.86"
760,Caron,McGonigle,cmcgoniglel3@merriam-webster.com,,158.73.131.71,
761,Hugibert,Schild,hschildl4@alibaba.com,Male,1.170.174.103,"9,314.63"
762,Jannelle,Roony,jroonyl5@phoca.cz,Female,95.114.204.206,
763,Benyamin,Aleevy,baleevyl6@cnet.com,Male,201.212.112.44,"7,440.57"
764,Camel,Chaters,cchatersl7@ed.gov,Female,,"5,980.77"
765,Itch,Pyne,ipynel8@sciencedaily.com,Male,,"7,723.38"
766,Anthiathia,Radloff,aradloffl9@vimeo.com,Female,193.245.19.255,"2,557.27"
767,Carissa,Coggeshall,ccoggeshallla@buzzfeed.com,Female,66.202.107.208,"7,161.44"
768,Kerrie,Wilkowski,kwilkowskilb@weibo.com,Female,144.90.195.114,"2,241.73"
769,Xenos,Damiata,xdamiatalc@google.es,Male,41.32.223.239,"6,668.67"
770,Myca,Milella,mmilellald@nsw.gov.au,Male,160.63.243.126,
771,Roselle,Cauthra,rcauthrale@dailymail.co.uk,Female,,
772,Bathsheba,Epton,beptonlf@businessweek.com,Female,147.65.71.241,
773,Francklin,Deble,fdeblelg@oakley.com,Male,136.120.62.161,"9,873.99"
774,Hermy,Meaker,hmeakerlh@prnewswire.com,Male,165.152.9.65,"8,450.91"
775,Fayth,Tapply,ftapplyli@t.co,Female,249.233.137.152,
776,Mendy,Jaulmes,mjaulmeslj@live.com,Male,25.103.152.130,"9,945.31"
777,Kalila,Haddinton,khaddintonlk@answers.com,Female,244.251.116.46,356.57
778,Lynn,Attlee,lattleell@census.gov,Female,93.12.187.27,"7,904.66"
779,Justis,Brayshaw,jbrayshawlm@flickr.com,,152.30.143.248,"8,436.70"
780,Carce,Croson,ccrosonln@fotki.com,Male,129.68.237.19,"2,958.13"
781,Dwayne,Gilphillan,dgilphillanlo@creativecommons.org,Male,99.97.212.126,
782,Lulita,Di Maria,ldimarialp@sciencedirect.com,Female,17.195.10.45,"2,108.27"
783,Rebecka,Rudiger,rrudigerlq@ox.ac.uk,Female,164.227.240.153,"7,334.84"
784,Rodolph,Oldacre,roldacrelr@deliciousdays.com,,127.244.114.209,"9,911.37"
785,Ron,Brims,rbrimsls@nasa.gov,Male,180.229.171.73,
786,Graham,Lie,glielt@t.co,Male,253.97.14.87,988.19
787,Mariska,Arnout,marnoutlu@patch.com,Female,,"7,129.07"
788,Crissy,Huby,chubylv@indiatimes.com,Female,159.37.13.180,"2,326.07"
789,Rafael,Pennycuick,rpennycuicklw@apple.com,,82.196.13.190,
790,Haze,Laneham,hlanehamlx@comcast.net,Male,131.127.28.78,"2,016.79"
791,Allys,Wreak,awreakly@reuters.com,Female,117.71.99.136,"6,252.25"
792,Nanette,Rosenauer,nrosenauerlz@amazon.co.uk,,130.99.60.112,
793,Alwin,Buttler,abuttlerm0@nifty.com,,161.206.83.164,"2,735.84"
794,Leese,Pettinger,lpettingerm1@home.pl,Female,55.184.62.26,
795,Serge,Mabley,smableym2@hexun.com,Male,226.215.63.110,"9,469.77"
796,Jesse,Foxon,jfoxonm3@seattletimes.com,Male,237.10.35.249,"6,822.97"
797,Shandy,Mabbs,smabbsm4@cnn.com,Female,,"8,287.20"
798,Nellie,Odell,nodellm5@epa.gov,Female,100.240.158.83,"1,264.97"
799,Andrea,MacCaughen,amaccaughenm6@ed.gov,Male,124.126.40.131,
800,Elwin,Schouthede,eschouthedem7@ft.com,,246.145.132.253,"4,665.90"
801,Odetta,Wallworke,owallworkem8@bloomberg.com,Female,82.104.177.165,"2,068.16"
802,Brenden,Giacopini,bgiacopinim9@about.com,Male,,"8,298.66"
803,Ulick,Done,udonema@reuters.com,Male,31.149.231.21,68.95
804,Mortie,Tweedle,mtweedlemb@bloglovin.com,Male,69.9.116.82,
805,Ebony,Lamblin,elamblinmc@ebay.com,Female,64.81.189.218,"5,082.94"
806,Hynda,Pinwell,hpinwellmd@noaa.gov,Female,13.255.106.188,
807,Iosep,Looks,ilooksme@europa.eu,Male,73.137.137.197,"3,698.92"
808,Annecorinne,Wennington,awenningtonmf@opensource.org,Female,85.42.104.250,
809,Quent,Feldheim,qfeldheimmg@ca.gov,Male,,"9,315.91"
810,Burton,Cordie,bcordiemh@wordpress.com,Male,222.235.175.59,"9,254.36"
811,Tabbi,Canfield,tcanfieldmi@amazon.co.uk,Female,119.29.76.78,
812,Teddie,Eyers,teyersmj@eventbrite.com,Female,220.3.155.59,"3,725.62"
813,Melissa,Enterle,menterlemk@unicef.org,Female,121.59.103.1,"5,638.73"
814,Thurstan,Lemmens,tlemmensml@e-recht24.de,Male,96.103.148.192,"8,398.88"
815,Ema,Cabrera,ecabreramm@nationalgeographic.com,Female,193.9.99.234,
816,Kaitlyn,Kagan,kkaganmn@scribd.com,Female,34.57.184.85,"6,955.60"
817,Courtney,McCullum,cmccullummo@sina.com.cn,Female,,"5,041.44"
818,Wallis,Cordingly,wcordinglymp@merriam-webster.com,,100.173.27.139,"4,042.23"
819,Ellis,Rean,ereanmq@yahoo.com,Male,,"4,077.85"
820,Lian,Colvin,lcolvinmr@dot.gov,Female,222.52.202.84,"3,673.14"
821,Farand,Thorburn,fthorburnms@weather.com,,249.108.62.87,"6,946.11"
822,Zared,O'Shea,zosheamt@cbslocal.com,Male,245.255.225.33,"4,253.59"
823,Regine,Mitroshinov,rmitroshinovmu@symantec.com,Female,39.165.78.172,"9,341.64"
824,Leontine,Bracco,lbraccomv@amazon.co.uk,Female,158.113.215.68,"7,165.50"
825,Binni,Wymer,bwymermw@amazon.co.jp,,49.114.66.0,"9,669.09"
826,Nicolea,Dottrell,ndottrellmx@wordpress.org,Female,217.196.94.74,"2,018.31"
827,Ira,Pepis,ipepismy@smugmug.com,Male,230.104.239.62,"1,421.13"
828,Tony,Shorie,tshoriemz@cdc.gov,,130.144.170.246,"4,958.47"
829,Jervis,Currum,jcurrumn0@jalbum.net,Male,214.144.158.24,"3,508.87"
830,Berrie,Mitcheson,bmitchesonn1@time.com,,103.53.84.199,"1,753.96"
831,Clair,Balcers,cbalcersn2@wunderground.com,Male,61.233.62.76,"4,985.91"
832,Chandler,Lunnon,clunnonn3@twitter.com,Male,189.228.153.24,
833,Krissie,Doutch,kdoutchn4@wikimedia.org,Female,111.92.78.59,
834,Arline,Ubsdale,aubsdalen5@gnu.org,Female,144.241.22.94,"9,379.91"
835,Kathryne,Alesbrook,kalesbrookn6@latimes.com,Female,,
836,Cully,Codi,ccodin7@state.gov,Male,135.54.236.43,"1,294.61"
837,Mellicent,Brislen,mbrislenn8@constantcontact.com,Female,175.242.93.245,"1,646.47"
838,Chrissie,Egle,ceglen9@fema.gov,Male,151.6.95.53,
839,Orv,Simkins,osimkinsna@weather.com,,254.198.170.6,"2,470.76"
840,Leta,Naile,lnailenb@imdb.com,,29.25.42.77,"3,596.92"
841,Maurise,Stock,mstocknc@ihg.com,Male,44.164.58.112,"6,826.17"
842,Gale,Totaro,gtotarond@psu.edu,Female,214.119.165.137,"9,200.43"
843,Calypso,Draxford,cdraxfordne@webs.com,Female,234.174.240.97,"8,527.87"
844,Rheba,Collinette,rcollinettenf@4shared.com,Female,,
845,Ashly,Southerell,asoutherellng@wsj.com,Female,160.93.61.229,"3,891.49"
846,Barnabe,Devonport,bdevonportnh@networkadvertising.org,Male,160.48.143.89,"2,647.83"
847,Gabriello,Beedom,gbeedomni@webmd.com,Male,228.15.223.24,
848,Earl,Matushenko,ematushenkonj@lulu.com,Male,129.137.166.221,"1,925.41"
849,Umberto,Clarkson,uclarksonnk@mozilla.org,Male,143.122.85.107,"3,819.38"
850,Baxie,Claisse,bclaissenl@aol.com,Male,237.241.103.218,"9,209.93"
851,Margie,Patel,mpatelnm@discuz.net,Female,228.100.196.70,"6,056.86"
852,Angelita,Hansen,ahansennn@vimeo.com,,194.215.134.58,
853,Greggory,Holworth,gholworthno@ucla.edu,Male,176.24.58.91,"7,318.68"
854,Casandra,Strangeway,cstrangewaynp@wikispaces.com,Female,,"7,383.89"
855,Berna,Robertshaw,brobertshawnq@cnbc.com,,18.69.112.41,"5,766.00"
856,Quincey,Phythian,qphythiannr@ca.gov,Male,79.48.172.13,799.02
857,Beverie,Etuck,betuckns@mapy.cz,Female,185.214.20.139,"1,465.01"
858,Antony,Gowans,agowansnt@amazonaws.com,Male,156.218.251.79,"1,738.32"
859,Boot,Yuryichev,byuryichevnu@forbes.com,Male,179.89.252.48,
860,Clem,Kloisner,ckloisnernv@cafepress.com,Female,,"1,237.88"
861,Lilllie,Clewett,lclewettnw@dell.com,,183.149.82.196,"1,835.10"
862,Victoria,Pechet,vpechetnx@java.com,Female,82.194.123.51,
863,Cori,Iggo,ciggony@businessinsider.com,,190.240.235.218,"9,241.30"
864,Paddie,Coffin,pcoffinnz@virginia.edu,Male,,"5,431.49"
865,Findlay,Chesterfield,fchesterfieldo0@unblog.fr,Male,237.94.28.47,"7,975.43"
866,Frederic,Frankes,ffrankeso1@skype.com,Male,,"4,705.97"
867,Bella,Jilkes,bjilkeso2@ocn.ne.jp,Female,,
868,Shandeigh,Wildor,swildoro3@uol.com.br,,69.146.178.22,
869,Emmott,Alan,ealano4@istockphoto.com,Male,11.109.109.110,"5,674.74"
870,Portia,Glaysher,pglayshero5@vistaprint.com,,,"7,690.86"
871,Karney,Cattermoul,kcattermoulo6@dyndns.org,Male,,"9,415.19"
872,Nikolaos,Findlater,nfindlatero7@gov.uk,Male,42.103.142.96,"7,364.58"
873,Derrick,Haulkham,dhaulkhamo8@un.org,Male,153.55.235.49,"1,658.67"
874,Georgi,Kruszelnicki,gkruszelnickio9@gizmodo.com,Male,208.4.250.182,386.14
875,Cecil,Purbrick,cpurbrickoa@yellowpages.com,,196.217.60.16,"8,002.35"
876,Benny,Gibbon,bgibbonob@typepad.com,Male,,
877,Enrique,Armer,earmeroc@google.com.au,Male,,"8,635.87"
878,Agata,Fullicks,afullicksod@cdbaby.com,,183.29.162.254,"7,048.73"
879,Merlina,Jane,mjaneoe@a8.net,Female,176.14.24.78,"3,298.95"
880,Keely,McGaugie,kmcgaugieof@flickr.com,Female,19.28.151.68,"4,535.79"
881,Blanca,Colvill,bcolvillog@quantcast.com,Female,124.183.44.86,"2,646.57"
882,Catherina,Soughton,csoughtonoh@posterous.com,Female,217.41.131.236,"4,442.67"
883,Alexandro,Cresser,acresseroi@cdc.gov,Male,120.157.49.168,"6,423.73"
884,Valma,Krzyzaniak,vkrzyzaniakoj@homestead.com,Female,126.183.203.249,"1,075.90"
885,Noah,Linham,nlinhamok@quantcast.com,Male,83.0.215.72,"4,377.50"
886,Kory,Gregolotti,kgregolottiol@miitbeian.gov.cn,Male,81.157.179.73,"2,668.24"
887,Homerus,Ambrosoli,hambrosoliom@homestead.com,,,"4,095.77"
888,Krishna,Hellings,khellingson@japanpost.jp,Male,198.59.73.119,"7,076.31"
889,Amory,Oakeby,aoakebyoo@cbsnews.com,Male,,
890,Jen,Ridler,jridlerop@examiner.com,,6.108.201.207,"4,326.38"
891,Wilbert,Woodford,wwoodfordoq@blog.com,Male,117.157.12.41,"9,654.90"
892,Bernadette,Chill,bchillor@statcounter.com,Female,167.223.42.242,"8,027.47"
893,Pietrek,Talman,ptalmanos@google.co.jp,Male,52.3.101.5,"2,276.15"
894,Tomaso,Sponton,tspontonot@auda.org.au,Male,78.98.16.32,
895,Kat,Wasmer,kwasmerou@toplist.cz,Female,46.164.11.62,"7,359.47"
896,Kennith,McGlone,kmcgloneov@microsoft.com,,85.130.100.97,"7,480.43"
897,Maximilianus,Demer,mdemerow@chron.com,Male,30.62.173.21,"8,961.99"
898,Leonard,Pinckard,lpinckardox@myspace.com,Male,,"6,700.61"
899,Petrina,Jeffress,pjeffressoy@google.fr,Female,,"4,340.29"
900,Aldon,Morffew,amorffewoz@symantec.com,,160.122.198.150,
901,Merrielle,Wabb,mwabbp0@java.com,Female,,"2,746.23"
902,Jasmine,McGilben,jmcgilbenp1@dedecms.com,Female,175.212.83.67,"2,979.71"
903,Dun,Jagg,djaggp2@goo.gl,Male,203.20.89.171,"3,205.80"
904,Kin,Caldecourt,kcaldecourtp3@ca.gov,Male,90.224.205.191,"7,342.12"
905,Halli,Flaxman,hflaxmanp4@ca.gov,Female,74.32.201.65,"8,453.31"
906,Clayborn,Ullock,cullockp5@google.fr,Male,143.63.229.169,"7,374.43"
907,Jamie,Dahl,jdahlp6@nytimes.com,Female,66.246.20.94,"6,487.15"
908,Peterus,Pozzi,ppozzip7@zimbio.com,Male,238.2.160.67,"3,615.34"
909,Melicent,Hingeley,mhingeleyp8@buzzfeed.com,Female,92.220.29.193,"5,078.50"
910,Leeanne,Spancock,lspancockp9@ft.com,Female,188.84.119.149,"4,819.53"
911,Dew,Hemphrey,dhemphreypa@berkeley.edu,Male,181.89.98.32,"6,839.89"
912,Tamara,Todman,ttodmanpb@washingtonpost.com,Female,128.155.243.3,"4,101.35"
913,Aland,Grieger,agriegerpc@slate.com,Male,161.60.87.210,"3,837.18"
914,Giacinta,Parnaby,gparnabypd@europa.eu,,51.190.4.222,"7,030.33"
915,Joseph,Holcroft,jholcroftpe@umn.edu,Male,55.125.144.128,"8,176.41"
916,Alistair,Mee,ameepf@sina.com.cn,Male,216.102.104.29,"4,971.07"
917,Lorens,Hassard,lhassardpg@foxnews.com,Male,246.173.150.26,
918,Davina,Clausen-Thue,dclausenthueph@npr.org,Female,33.166.158.186,"3,035.88"
919,Rodolph,Whipp,rwhipppi@pbs.org,Male,209.149.153.18,"9,189.39"
920,Raquela,Syrad,rsyradpj@businesswire.com,Female,98.160.42.72,"6,274.99"
921,Gleda,Rao,graopk@businessinsider.com,Female,169.248.200.130,"5,636.17"
922,Shadow,Chitson,schitsonpl@nhs.uk,Male,51.186.245.242,"5,997.15"
923,Michel,Summergill,msummergillpm@rambler.ru,Female,92.192.99.255,"4,800.54"
924,Harlene,Iashvili,hiashvilipn@blog.com,Female,101.190.44.24,"9,726.58"
925,Rouvin,Davydoch,rdavydochpo@people.com.cn,Male,31.129.237.31,
926,Ilka,Abbot,iabbotpp@surveymonkey.com,Female,,"4,688.48"
927,Traci,McCart,tmccartpq@disqus.com,Female,0.204.216.194,"7,633.79"
928,Kristi,Valencia,kvalenciapr@bandcamp.com,Female,19.66.55.58,"2,135.66"
929,Brigid,Fewings,bfewingsps@instagram.com,Female,111.72.26.76,751.19
930,Barde,Eddy,beddypt@smh.com.au,,174.70.228.41,"3,254.54"
931,Adrea,Sandal,asandalpu@yellowpages.com,Female,223.161.14.246,
932,Ramsay,Janman,rjanmanpv@mapy.cz,Male,,"7,549.64"
933,Adah,Bussons,abussonspw@networkadvertising.org,Female,27.84.219.69,"8,173.57"
934,Price,Matteuzzi,pmatteuzzipx@sina.com.cn,Male,,"3,178.51"
935,Irving,MacCome,imaccomepy@networksolutions.com,Male,,"4,945.80"
936,Julie,Olivello,jolivellopz@dot.gov,Female,218.139.97.73,
937,Kellby,Fend,kfendq0@amazon.com,,108.135.240.108,"1,753.23"
938,Isadora,Aubray,iaubrayq1@jalbum.net,Female,42.164.41.13,283.05
939,Anne-marie,McKeown,amckeownq2@stanford.edu,Female,,551.67
940,Salomone,Borkett,sborkettq3@hatena.ne.jp,Male,228.27.76.41,"4,991.62"
941,Johannes,Armytage,jarmytageq4@economist.com,,,"2,281.72"
942,Maybelle,Newbold,mnewboldq5@sbwire.com,Female,221.245.59.32,"1,634.51"
943,Gratia,Meaden,gmeadenq6@geocities.com,Female,210.39.239.200,"2,638.01"
944,Oswell,O'Dyvoie,oodyvoieq7@odnoklassniki.ru,Male,38.36.142.26,"7,832.53"
945,Emilia,Inglese,eingleseq8@behance.net,Female,,"2,674.59"
946,Martelle,Swoffer,mswofferq9@wunderground.com,Female,141.121.247.155,"3,854.73"
947,Jacquetta,Joscelin,jjoscelinqa@gov.uk,,242.255.133.27,"2,826.34"
948,Jeane,Phinnis,jphinnisqb@foxnews.com,,12.146.53.185,
949,Hildagard,Pettifer,hpettiferqc@foxnews.com,Female,190.209.73.84,"3,667.33"
950,Reilly,Sergeaunt,rsergeauntqd@t-online.de,Male,224.110.5.56,
951,Charity,Sephton,csephtonqe@oakley.com,,124.146.182.119,"2,167.81"
952,Winona,Blazic,wblazicqf@vinaora.com,,13.108.146.161,"7,266.94"
953,Glenna,Wohlers,gwohlersqg@flickr.com,Female,,"7,667.40"
954,Duane,Sampson,dsampsonqh@thetimes.co.uk,Male,211.255.177.238,"9,360.06"
955,Ferguson,Souster,fsousterqi@blogs.com,,89.146.27.165,"3,871.84"
956,Leonanie,Roderigo,lroderigoqj@angelfire.com,Female,228.132.179.253,
957,Shaylah,Sagar,ssagarqk@4shared.com,Female,64.170.73.86,"6,463.80"
958,Cathie,Ivanishev,civanishevql@chron.com,Female,94.78.205.68,"3,650.51"
959,Lydie,Handrahan,lhandrahanqm@list-manage.com,,,
960,Bordie,Wakes,bwakesqn@yahoo.com,Male,21.176.192.172,
961,Jules,Will,jwillqo@bloomberg.com,Male,92.20.205.156,"3,887.86"
962,Paige,Stollwerk,pstollwerkqp@is.gd,Female,124.60.202.16,"9,422.36"
963,Helli,Konert,hkonertqq@usda.gov,Female,171.177.91.67,"5,106.68"
964,Ashely,Tall,atallqr@goo.ne.jp,Female,15.75.169.178,"2,876.46"
965,Cello,Berrill,cberrillqs@ucla.edu,,17.147.109.46,
966,Andree,Skilton,askiltonqt@loc.gov,Female,232.225.222.24,"5,437.73"
967,Lindy,Jarmaine,ljarmainequ@bloomberg.com,Female,100.58.87.59,
968,Maison,Foran,mforanqv@ebay.com,Male,136.230.236.141,"5,138.94"
969,Loren,Ferrao,lferraoqw@csmonitor.com,Male,147.215.0.198,"4,580.20"
970,Jeralee,Glisenan,jglisenanqx@soundcloud.com,Female,15.32.185.23,"3,624.46"
971,Ashia,Lionel,alionelqy@skype.com,Female,161.107.178.26,
972,Bern,Gummary,bgummaryqz@shinystat.com,Male,,"8,634.26"
973,Meagan,Landell,mlandellr0@mail.ru,Female,94.170.98.129,"5,444.44"
974,Selie,Eggers,seggersr1@prnewswire.com,Female,216.239.207.180,"6,167.76"
975,Shanon,Clue,scluer2@edublogs.org,Female,,
976,Libby,Vinnicombe,lvinnicomber3@apache.org,Female,102.210.0.175,"9,445.79"
977,Flossy,Hardie,fhardier4@home.pl,Female,,
978,Rog,Dumbrill,rdumbrillr5@goo.ne.jp,Male,,
979,Tera,Bountiff,tbountiffr6@shareasale.com,,171.5.212.218,"6,534.90"
980,Hobey,Jeandot,hjeandotr7@java.com,Male,248.174.197.44,"1,585.28"
981,Tobe,Frankiss,tfrankissr8@xrea.com,Female,52.115.148.197,"3,138.40"
982,Herc,Dowall,hdowallr9@multiply.com,Male,236.74.164.196,"4,397.03"
983,Sydney,April,saprilra@spotify.com,,30.133.246.154,507.76
984,Glen,Jerson,gjersonrb@hatena.ne.jp,Male,234.104.75.246,"7,096.89"
985,Reginauld,Burkert,rburkertrc@forbes.com,Male,195.214.140.176,"5,501.74"
986,Ariel,Byrde,abyrderd@about.com,Male,214.155.71.71,"8,116.97"
987,Jeremie,Brookshaw,jbrookshawre@csmonitor.com,Male,,
988,Patricio,Gianolini,pgianolinirf@newsvine.com,Male,164.246.219.235,"1,969.98"
989,Parsifal,Leyes,pleyesrg@salon.com,Male,103.56.125.152,"3,303.72"
990,Rogerio,Bezemer,rbezemerrh@cbc.ca,Male,203.152.250.8,"5,842.59"
991,Dreddy,Macourek,dmacourekri@europa.eu,,85.240.52.44,"6,847.95"
992,Granville,Cawse,gcawserj@123-reg.co.uk,Male,180.53.72.33,
993,Wesley,Jeyness,wjeynessrk@creativecommons.org,,82.74.20.50,"6,367.20"
994,Ermentrude,Langland,elanglandrl@ask.com,Female,233.20.222.233,457.32
995,Clo,Paradise,cparadiserm@abc.net.au,Female,105.243.211.171,"1,981.57"
996,Patti,Hemphill,phemphillrn@washington.edu,,77.86.172.225,"6,980.80"
997,Hal,Yeldon,hyeldonro@utexas.edu,Male,238.183.202.149,"1,970.55"
998,Noell,MacCallam,nmaccallamrp@facebook.com,Female,,"6,876.67"
999,Tanhya,Tocque,ttocquerq@ow.ly,,123.227.234.231,"9,680.42"
1000,Westbrook,Losty,wlostyrr@privacy.gov.au,,12.212.28.38,"5,394.38"
